﻿<Ui xmlns="http://www.multiverse.net/ui" xmlns:xsi="http://www.w3.org/2001/XMLSchema-instance">
  <Script file="Frame.py" />
  <Frame name="Frame1" parent="UIParent" toplevel="true" movable="true" enableMouse="true">
    <Size>
      <AbsDimension x="200" y="200" />
    </Size>
    <Anchors>
      <Anchor point="TOPLEFT">
        <Offset>
          <AbsDimension x="100" y="-150" />
        </Offset>
      </Anchor>
    </Anchors>
		<Backdrop bgFile="Interface\DialogFrame\UI-DialogBox-Background" edgeFile="Interface\DialogFrame\UI-DialogBox-Border" tile="true">
			<BackgroundInsets>
				<AbsInset left="11" right="12" top="12" bottom="11"/>
			</BackgroundInsets>
			<TileSize>
				<AbsValue val="32"/>
			</TileSize>
			<EdgeSize>
				<AbsValue val="32"/>
			</EdgeSize>
		</Backdrop>
	</Frame>
</Ui>
